{
  "classification": {
    "accuracy": 0.8044692737430168,
    "precision": 0.7833333333333333,
    "recall": 0.6811594202898551,
    "f1_score": 0.7286821705426356,
    "roc_auc": 0.8504611330698287,
    "confusion_matrix": [
      [
        97,
        13
      ],
      [
        22,
        47
      ]
    ],
    "classification_report": {
      "0": {
        "precision": 0.8151260504201681,
        "recall": 0.8818181818181818,
        "f1-score": 0.8471615720524017,
        "support": 110.0
      },
      "1": {
        "precision": 0.7833333333333333,
        "recall": 0.6811594202898551,
        "f1-score": 0.7286821705426356,
        "support": 69.0
      },
      "accuracy": 0.8044692737430168,
      "macro avg": {
        "precision": 0.7992296918767507,
        "recall": 0.7814888010540184,
        "f1-score": 0.7879218712975187,
        "support": 179.0
      },
      "weighted avg": {
        "precision": 0.802870757241444,
        "recall": 0.8044692737430168,
        "f1-score": 0.801490741302827,
        "support": 179.0
      }
    }
  },
  "regression": {
    "mae": 20.885195728755605,
    "mse": 935.1995026427636,
    "rmse": 30.581031745883976,
    "r2": 0.3956432713324307
  },
  "rows": 891
}